,Auto,Inter,Template
p-Wert,0.5552660475155187,0.00010968826037453526,0.12395534818258439
