,attraktiv,unterstützend,einfach,übersichtlich,interessant,neuartig
Cronbachs Alpha,0.7113556778389194,0.7452545615067687,0.7691901872856766,0.6957236842105263,0.6362894917582418,0.5983068097705403
