,Auto,Inter,Template
p-Wert,0.4789157079558364,0.6614589295974448,0.13757582616509292
