,attraktiv,unterstützend,einfach,übersichtlich,interessant,neuartig
Auto-Inter,"LeveneResult(statistic=0.1509433962264153, pvalue=0.7010606296494848)","LeveneResult(statistic=0.5684210526315787, pvalue=0.4582207365328589)","LeveneResult(statistic=0.11111111111111129, pvalue=0.7417773240157116)","LeveneResult(statistic=1.3714285714285714, pvalue=0.2530628699037604)","LeveneResult(statistic=0.0, pvalue=1.0)","LeveneResult(statistic=0.04958677685950406, pvalue=0.8256681287925836)"
Auto-Template,"LeveneResult(statistic=1.023696682464455, pvalue=0.3217361436477979)","LeveneResult(statistic=0.5684210526315787, pvalue=0.4582207365328589)","LeveneResult(statistic=3.0476190476190474, pvalue=0.09364678896522535)","LeveneResult(statistic=1.6240601503759393, pvalue=0.21472832323019295)","LeveneResult(statistic=0.11650485436893204, pvalue=0.7358269746924307)","LeveneResult(statistic=0.49999999999999933, pvalue=0.4863098499127342)"
Inter-Template,"LeveneResult(statistic=0.6315789473684206, pvalue=0.4345657334151317)","LeveneResult(statistic=0.0, pvalue=1.0)","LeveneResult(statistic=4.263157894736842, pvalue=0.049913705401179516)","LeveneResult(statistic=0.17021276595744655, pvalue=0.6835851074572886)","LeveneResult(statistic=0.12435233160621761, pvalue=0.7274392673988708)","LeveneResult(statistic=0.23300970873786372, pvalue=0.6336749492347867)"
