,Auto,Inter,Template
Computer,5.138888888888888,5.479166666666667,5.486111111111111
Smartphone,4.8999999999999995,3.775,5.0777777777777775
