,attraktiv,unterstützend,einfach,übersichtlich,interessant,neuartig
Inter,4.923076923076923 (1.7559890941809162),4.538461538461538 (1.6852026451713664),5.102564102564103 (1.9014164760474273),5.205128205128205 (1.7343268280088053),4.461538461538462 (1.6852026451713666),4.153846153846154 (1.8077377699320558)
Auto,4.846153846153846 (1.6113094711143563),5.461538461538463 (1.1559809311640872),5.615384615384616 (1.1547005383792517),5.743589743589744 (1.1338727107258832),4.641025641025641 (1.3822391766095954),3.9743589743589745 (1.5078144028706826)
Template,5.769230769230769 (1.2445806255909329),5.564102564102565 (1.1330026202710615),4.769230769230769 (1.2378269861334674),5.487179487179486 (1.4225570776082253),5.564102564102565 (1.2509036838615866),4.82051282051282 (1.068034133315822)
