,Auto,Inter,Template
Computer vs Smartphone,0.5629119155930419,0.00014587460658385597,0.17972570423525164
