,Auto,Inter,Template
Statistik,0.6103190749723018,5.312328343538872,1.679610649679044
p-Wert,0.555266047515519,0.00010968826037453507,0.1239553481825847
Freiheitsgrade,10.0,14.0,10.0
