,statistic,pvalue,Mean Computer,Mean Smartphone
Computer vs Smartphone,8.475140471997939,1.384022785399034e-16,5.391203703703703,4.466666666666667
Auto Computer vs Smartphone,1.2662613828598825,0.20668945494581922,5.138888888888889,4.9
Inter Computer vs Smartphone,11.683491698880195,4.174363194438638e-25,5.548611111111111,3.422222222222222
Template Computer vs Smartphone,2.5160565467298968,0.012544110887562679,5.486111111111111,5.0777777777777775
