,statistic,pvalue
Auto-Inter,1.5181080344766,0.13000630258206183
Auto-Template,-0.4970689862038209,0.6194927422051167
Inter-Template,-2.048527015515084,0.04135025593621535
