,attraktiv,unterstützend,einfach,übersichtlich,interessant,neuartig
Inter,0.00011982930151156836,0.0015612108051551161,0.0007170092055757788,2.0224425745864204e-05,0.0008741691861441547,0.03040953276834341
Auto,0.4073894058887454,0.6675117572243183,0.1341502915547355,0.6118335061420812,0.8893675546400479,0.6345640595741877
Template,0.2761379007110245,0.21080926234767397,0.7720848258731676,0.47554477768574943,0.06331477331531501,0.6826501449630651
